{
  "precision": 0.0,
  "recall": 0.0,
  "f1": 0.0,
  "accuracy": 0.9844382197323374,
  "val_loss": 3.2089489676015224,
  "train_loss": 6.81304132658551,
  "epoch": 1
}