{
  "precision": 0.0,
  "recall": 0.0,
  "f1": 0.0,
  "accuracy": 0.9847494553376906,
  "val_loss": 0.9811864172557982,
  "train_loss": 1.6379407077930859,
  "epoch": 6
}