{
  "precision": 0.0,
  "recall": 0.0,
  "f1": 0.0,
  "accuracy": 0.9847494553376906,
  "val_loss": 1.649995718388199,
  "train_loss": 3.149914509899653,
  "epoch": 3
}