{
  "precision": 0.0,
  "recall": 0.0,
  "f1": 0.0,
  "accuracy": 0.9844382197323374,
  "val_loss": 2.1233921506673616,
  "train_loss": 4.391016167826324,
  "epoch": 2
}