{
  "precision": 0.0,
  "recall": 0.0,
  "f1": 0.0,
  "accuracy": 0.9847494553376906,
  "val_loss": 0.9220814658005889,
  "train_loss": 1.3929129901583248,
  "epoch": 7
}