{
  "Accuracy": [
    0.5,
    0.375,
    0.5,
    0.5,
    0.625
  ],
  "AUC:type=Mu": [
    0.75,
    0.8125,
    0.8958333333333334,
    0.8958333333333334,
    0.875
  ],
  "F1:class=0": [
    0.5714285714285715,
    0.3333333333333333,
    0.0,
    0.0,
    0.6666666666666666
  ],
  "F1:class=1": [
    0.6666666666666666,
    0.5,
    0.6666666666666666,
    0.6666666666666666,
    0.8
  ],
  "F1:class=2": [
    0.0,
    0.0,
    0.5,
    0.5,
    0.5
  ],
  "F1:class=3": [
    0.5,
    0.5,
    0.5,
    0.5,
    0.5
  ]
}