{
  "precision": 0.0,
  "recall": 0.0,
  "f1": 0.0,
  "accuracy": 0.9847494553376906,
  "val_loss": 1.3807316949978643,
  "train_loss": 2.4378135773024003,
  "epoch": 4
}