{
  "precision": 0.0,
  "recall": 0.0,
  "f1": 0.0,
  "accuracy": 0.9841269841269841,
  "val_loss": 5.472578909872584,
  "train_loss": 30.558184995510036,
  "epoch": 0
}