{
  "precision": 0.0,
  "recall": 0.0,
  "f1": 0.0,
  "accuracy": 0.9847494553376906,
  "val_loss": 1.09855027067222,
  "train_loss": 1.9663868514412617,
  "epoch": 5
}